Categoria;Codigo;Nombre;Precio Compra;Precio Venta;Descripción;Impuesto;Unidades;Cantidad;Stock Minimo
LE COQ SPORTIF;3606801984531;BOLIVAR PS ECLIPSE TALLA 28;78120;172328;130 years of experience;IVA 16%;unidad;1;1
LE COQ SPORTIF;3606801984548;BOLIVAR PS ECLIPSE TALLA 29;78120;172328;130 years of experience;IVA 16%;unidad;1;1
LE COQ SPORTIF;3606801984562;BOLIVAR PS ECLIPSE TALLA 30;78120;172328;130 years of experience;IVA 16%;unidad;2;2
LE COQ SPORTIF;3606801984586;BOLIVAR PS ECLIPSE TALLA 31;78120;172328;130 years of experience;IVA 16%;unidad;3;3
LE COQ SPORTIF;3606801984593;BOLIVAR PS ECLIPSE TALLA 32;78120;172328;130 years of experience;IVA 16%;unidad;2;2
LE COQ SPORTIF;3606801984609;BOLIVAR PS ECLIPSE TALLA 33;78120;172328;130 years of experience;IVA 16%;unidad;2;2
LE COQ SPORTIF;3606801984616;BOLIVAR PS ECLIPSE TALLA 34;78120;172328;130 years of experience;IVA 16%;unidad;1;1
LE COQ SPORTIF;3606801984630;BOLIVAR PS ECLIPSE TALLA 35;78120;172328;130 years of experience;IVA 16%;unidad;1;1
LE COQ SPORTIF;3606801804204;BOLIVAR SYN PS TALLA 28;66960;146466;130 years of experience;IVA 16%;unidad;1;1
LE COQ SPORTIF;3606801804211;BOLIVAR SYN PS TALLA 29;66960;146466;130 years of experience;IVA 16%;unidad;1;1
LE COQ SPORTIF;3606801804235;BOLIVAR SYN PS TALLA 30;66960;146466;130 years of experience;IVA 16%;unidad;2;2
LE COQ SPORTIF;3606801804259;BOLIVAR SYN PS TALLA 31;66960;146466;130 years of experience;IVA 16%;unidad;2;2
LE COQ SPORTIF;3606801804266;BOLIVAR SYN PS TALLA 32;66960;146466;130 years of experience;IVA 16%;unidad;2;2
LE COQ SPORTIF;3606801804273;BOLIVAR SYN PS TALLA 33;66960;146466;130 years of experience;IVA 16%;unidad;2;2
LE COQ SPORTIF;3606801804280;BOLIVAR SYN PS TALLA 34;66960;146466;130 years of experience;IVA 16%;unidad;1;1
LE COQ SPORTIF;3606802110625;PELETIER SYN PS TALLA 28;82770;180948;130 years of experience;IVA 16%;unidad;1;1
LE COQ SPORTIF;3606802110632;PELETIER SYN PS TALLA 29;82770;180948;130 years of experience;IVA 16%;unidad;1;1
LE COQ SPORTIF;3606802110656;PELETIER SYN PS TALLA 30;82770;180948;130 years of experience;IVA 16%;unidad;2;2
LE COQ SPORTIF;3606802110670;PELETIER SYN PS TALLA 31;82770;180948;130 years of experience;IVA 16%;unidad;2;2
LE COQ SPORTIF;3606802110687;PELETIER SYN PS TALLA 32;82770;180948;130 years of experience;IVA 16%;unidad;2;2
LE COQ SPORTIF;3606802110694;PELETIER SYN PS TALLA 33;82770;180948;130 years of experience;IVA 16%;unidad;2;2
LE COQ SPORTIF;3606802110700;PELETIER SYN PS TALLA 34;82770;180948;130 years of experience;IVA 16%;unidad;1;1
LE COQ SPORTIF;3606802110724;PELETIER SYN PS TALLA 35;82770;180948;130 years of experience;IVA 16%;unidad;1;1
LE COQ SPORTIF;3606801802835;SAINT MALO JERSEY PS STRAP TALLA 30;66960;146466;130 years of experience;IVA 16%;unidad;2;2
LE COQ SPORTIF;3606801802859;SAINT MALO JERSEY PS STRAP TALLA 31;66960;146466;130 years of experience;IVA 16%;unidad;2;2
LE COQ SPORTIF;3606801802866;SAINT MALO JERSEY PS STRAP TALLA 32;66960;146466;130 years of experience;IVA 16%;unidad;2;2
LE COQ SPORTIF;3606801802873;SAINT MALO JERSEY PS STRAP TALLA 33;66960;146466;130 years of experience;IVA 16%;unidad;2;2
LE COQ SPORTIF;3606801824912;SAINT MALO MID JERSEY INF TALLA 23;62310;137845;130 years of experience;IVA 16%;unidad;3;3
LE COQ SPORTIF;3606801824929;SAINT MALO MID JERSEY INF TALLA 24;62310;137845;130 years of experience;IVA 16%;unidad;2;2
LE COQ SPORTIF;3606801824936;SAINT MALO MID JERSEY INF TALLA 25;62310;137845;130 years of experience;IVA 16%;unidad;3;3
LE COQ SPORTIF;3606801824950;SAINT MALO MID JERSEY INF TALLA 26;62310;137845;130 years of experience;IVA 16%;unidad;3;3
LE COQ SPORTIF;3606801824967;SAINT MALO MID JERSEY INF TALLA 27;62310;137845;130 years of experience;IVA 16%;unidad;1;1
LE COQ SPORTIF;3606801827104;SAINT MALO MID SUEDE/SHEARLING PS TALLA 28;84630;185259;130 years of experience;IVA 16%;unidad;1;1
LE COQ SPORTIF;3606801827111;SAINT MALO MID SUEDE/SHEARLING PS TALLA 29;84630;185259;130 years of experience;IVA 16%;unidad;1;1
LE COQ SPORTIF;3606801827135;SAINT MALO MID SUEDE/SHEARLING PS TALLA 30;84630;185259;130 years of experience;IVA 16%;unidad;2;2
LE COQ SPORTIF;3606801827159;SAINT MALO MID SUEDE/SHEARLING PS TALLA 31;84630;185259;130 years of experience;IVA 16%;unidad;2;2
LE COQ SPORTIF;3606801827166;SAINT MALO MID SUEDE/SHEARLING PS TALLA 32;84630;185259;130 years of experience;IVA 16%;unidad;2;2
LE COQ SPORTIF;3606801827173;SAINT MALO MID SUEDE/SHEARLING PS TALLA 33;84630;185259;130 years of experience;IVA 16%;unidad;2;2
LE COQ SPORTIF;3606801827180;SAINT MALO MID SUEDE/SHEARLING PS TALLA 34;84630;185259;130 years of experience;IVA 16%;unidad;1;1
LE COQ SPORTIF;3606801827203;SAINT MALO MID SUEDE/SHEARLING PS TALLA 35;84630;185259;130 years of experience;IVA 16%;unidad;1;1
LE COQ SPORTIF;3606801660510;SAINT MALO POLKA DOTS INF STRAP TALLA 23;65100;146466;130 years of experience;IVA 16%;unidad;1;1
LE COQ SPORTIF;3606801660527;SAINT MALO POLKA DOTS INF STRAP TALLA 24;65100;146466;130 years of experience;IVA 16%;unidad;2;2
LE COQ SPORTIF;3606801660534;SAINT MALO POLKA DOTS INF STRAP TALLA 25;65100;146466;130 years of experience;IVA 16%;unidad;3;3
LE COQ SPORTIF;3606801660558;SAINT MALO POLKA DOTS INF STRAP TALLA 26;65100;146466;130 years of experience;IVA 16%;unidad;3;3
LE COQ SPORTIF;3606801660565;SAINT MALO POLKA DOTS INF STRAP TALLA 27;65100;146466;130 years of experience;IVA 16%;unidad;3;3
